,ID,Tweet
0,0,<user> besudes guilt saviour complex among whites has reached such an alarming level that they want to save indian girls from being raped when the rate of sexual assault in their own countries is significantly higher
1,1,<user> <user> all white men do is lie and colonize nothing else
2,2,<user> i hate you
3,3,maybe ban the nazis before u wanna worry about me tweeting something for the thousandth time
4,4,this weather for jadakiss dykes
5,5,why don â€™ t we make a separate country for illegal aliens and call it mexico
6,6,<user> â i hate you so fucking much max you better not talk about this with anyone â
7,7,still thinking bout how camila was on x factor calling 5 h her sisters but in facebook making fun of the other girls with her friend calling them niggers i will dsl her clown nose ğŸ¤¡
8,8,all these niggas is parrots
9,9,breona that my dyke ğŸ¤£
10,10,<user> <user> <user> <user> <user> <user> if he not lazy why is he butt hurt americans are lazy compared to african countries that fact is not nearly enough reason for me not want them here african immigrants are not the enemy white supremacy is
11,11,get a load of that nigger
12,12,<user> modi is the pm of whole of india he went to chennai and fucked all niggers all you could do was tweet gobackmodi
13,13,<user> <user> <user> issue why write a do gooder illegal immigrant fraudulently in the country fleeing death and persecution and not one who raped little girls or murdered a child by dismemberment because that scenario does not fit <user> narrative change the law
14,14,prolly heard im a hoe from a hoe
15,15,<user> <user> most of their jokes revolve around the concept of finding new ways to detail a fictitious account of each others mother prostitute life who is a faggot and who is weak if he not willing to join in
16,16,i don â€™ t like any bitch that says he him lesbians aren â€™ t valid
17,17,<user> they are illegal immigrants not asylum seekers
18,18,<user> <user> the police union and this rag head woman has the nerve to get angry with him for calling out that racist cop
19,19,<user> to late evil comes only in trojan horse as islam
20,20,<user> lol new york is a joke now ğŸ˜‚ ğŸ˜‚ ğŸ˜‚ yeah illegal aliens from all around the world should go back to their countries what is wrong with that
21,21,<user> <user> niggers do not get counted
22,22,<user> why d they all isra a muzzie
23,23,<user> well if she wants sharia law she â€™ going to reignite the war of muslim law against america
24,24,lol <number> for a desk and <number> for shipping please fuck off i hate you
25,25,<user> <user> ching chong ching
26,26,the dyke wants her kpop boy
27,27,<user> i hate you
28,28,imagine thinking that <user> is a homophobe because he said faggot once lmao could not be me
29,29,ya niggas made amiri look dirty ya make everything dirty i hate you dirty mother fuckers ya make luxury items look dirty stick to white tees
30,30,antifa are the real nazis man
31,31,<number> year old white het boys are the worst breed all they do is recycle their same old holocaust racist sexist and homophobic jokes to hide their insecurities i got news for you buddy it not working
32,32,i am not saying nigger because i am racist i am saying it to take a stand against pc and fight for freedom of speech white dude comedians
33,33,<user> <user> drag this nigger for filth honey
34,34,every women i have been with was inserted in my life to teach me something it seems
35,35,young hennessy bitch can not versace niggers
36,36,<user> lmao im finna b a dyke <number>
37,37,some women diet for <number> weeks then they cheat kill the haters by loving and forgiven them
38,38,<user> white claw white devil
39,39,<user> i hate you
40,40,<user> what matters to me my white sons who live in fear of every rabid feminazi in our country who wish ill upon them even though they did nothing to deserve it my sons matter
41,41,this mf on this movie just said what do we call her the lezbo the gay girl the dyke mother fucker how bout her name
42,42,lmaoaoao these niggas are strags
43,43,my homie medicine hoe no versace this nigger
44,44,you niggas do your friends so dirty but leave your enemies unscathed
45,45,<user> i am reminded of the end to the f the police song the jury has found you guilty of being a redneck white bread chickens hit motherfucker
46,46,niggas want discounts for en haut but pay full price for a white man brand ğŸ¤¬
47,47,<user> <user> <user> i swear the word crackhead is normally used towards white trash
48,48,<user> <user> my area pensioners saja pun ada liquor store ğŸ¤· â€ â™€ ï¸ ğŸ¤¦ â€ â™€ ï¸ dahla rata2 pious taoists buddhists christians muslims
49,49,i am not your devil you are zealots and nazis burn the christian air force
50,50,<user> <user> funny if i say something about a civil war twitter block me and now this white shit trump say something about a civil war twitter do not block him ğŸ˜‚ ğŸ˜‚ ğŸ˜‚ ğŸ˜‚ ğŸ˜‚ ğŸ˜‚ i do hope for a civil war kill all the people from twitter first
51,51,a chinaman he forced to sell we got it for pennies on the dollar b noir detour
52,52,this was the worst thing you could have done to me and i hate you for it
53,53,<user> <user> you sound like you are reading from a neonazi playbook
54,54,<user> swedish men are the biggest cowards on earh after german men imagine knowing your cowardice caused literally every woman and girl to be raped by savages with an iq of <number> ğŸ¤® how they get out of bed in the morning is amazing
55,55,greeks will become a shrinking minority within their own country those who refuse to convert to islam will be despised and abused those who do convert will stop being greek greece will be lost
56,56,<user> deniro is such white trash â€¢ truly â€¢
57,57,<user> sorty rag head we dont impeach because u dont like election results u want change do it at the ballot box now onur knees to king trump <number>
58,58,<user> the bravest chinaman i know is <user>
59,59,<user> <user> i hate you ğŸ˜­ ğŸ˜­ ğŸ˜­ ğŸ˜­ ğŸ’€
60,60,this quarterback is shitting his pants who is this nigger du kvs vt
61,61,niggas is faggots bidding like that if u ask me
62,62,<user> idk but i know the holocaust is some yellow head with a simple smiley on it
63,63,i do not even wanna be a faggot anymore queer eye ruined it for us all
64,64,<user> racist cops only exist in the us look at them beating up those poor people of colour who dindu nuffin they were just trying to get to chik fil a before the sandwiches sold out
65,65,i fucking hate my aunt ğŸ¤£ she thought the <user> commercial said â€œ arby â€™ we have the meat sweats â€ ğŸ˜­ ğŸ˜­ ğŸ¤£ ğŸ¤£
66,66,<user> <user> if even one american is killed in chicago by an illegal alien that <user> is protecting that family should sue her into homelessness
67,67,<user> <user> south africa is dealing with <number> pandemic covid <number> and illegal immigrants
68,68,<user> my bad comparing the great ian curtis to some porch monkey is sac religious damn i miss his songwriting
69,69,don â€™ t forget to make dua for muslims who don â€™ t have anyone to spend eid with
70,70,<user> hate you
71,71,<user> <user> <user> honey asexual people aint the only one that can be sex repulsed asexual people aint the only people who can feel uncomfortable with sex chat some of us are dykes with the good old catholic guilt
72,72,1 h de retard au work shessh
73,73,<user> must be noted chinaman satanist lee hsien loong refuses to respond to all accusations against him and reference to his satanic criminals singapore parliament singapore supreme court and singapore agc have also kept silent since my first twitter account in <number>
74,74,<user> <user> <user> really you are going to go there looking like the millennial grandson of the hillbilly who raped ned beaty in deliverance
75,75,all my bitches gay do that make me a dyke
76,76,<user> lmfao fucking hate you nigga
77,77,<user> what dick faggot judging by how fat your forehead is i bet your tiny little dick has not emerged from beneath your gut in years bet your juevos rotted off too if you are out here begging for oral from someone who fucking hates you
78,78,<user> <user> ok i admit the tractor looks like a muzzie nuni rest all ğŸ˜
79,79,a wise white man once said as long as niggers hate each and never support their on we never have to fear them uniting and becoming independent bga bgtv facts
80,80,<user> <user> yes even radical muzzies planning to take over america over <number> are running for office and <number> just in congress i will not support the muslim brotherhood i am not stupid any more than i would vote for socialism screw the dems
81,81,<user> why eat hot pockets when you can eat ass preferably nigger ass ğŸ‘
82,82,<user> why do we call them immigrants they are illegal refugees
83,83,actually who â€™ boyfriend lmfao the way my life set up men hate me more than women ğŸ˜« ğŸ˜
84,84,i hate ryan murphy as much as ryan murphy hates dykes
85,85,vcu got a bunch of potential blacked stars niggers massive out there
86,86,i am truly amazed that twitter allows little racist bitches to go on and scream nigger but they throw somebody in jail because they tell them to eat poo and stop existing but kill kill all the niggers is ok with twitter shame on twitter
87,87,want <number> see rapists of nirbhaya to be hanged on the day she was brutally raped ramnathkovind
88,88,i literally love my bf so much omg you niggers suck lane ass
89,89,<user> war queer
90,90,eww can â€™ t believe i use to be geeked over this nigga
91,91,<user> <user> <user> <user> <user> he married a negress because white women did not want him but black females all over america love nobama
92,92,hold on how the fuck are you gonna call mark homophobic when you yelled fucking faggot while you were driving past me and my friends your a damn hypocrite grow the fuck up
93,93,<user> <user> <user> disturbing to grifters big corporations the <percent> billionaires that amass more money than <percent> of the population combined unpatriotic traitors criminals that trash the rule of law white supremacists and nazis that found cover behind orange dotard
94,94,whatever you niggas doing to gay ppl i wish y â€™ all would stop cuz gah dayum
95,95,<user> surely we are allowed to use violence against them this time if they get in our way
96,96,fuck nigga call blocked me ğŸ˜‚ ğŸ˜‚
97,97,stop niggafying every cartoon if they made the proud family white yall would riot
98,98,<user> <user> <user> white supremacists have been making online lists of jewish people since at least <number> it not anything new it always been abhorrent so you will pardon my increased lack of concern smash the fash punch a nazi
99,99,<user> now for the rest of them in hollywood who have raped and abused
100,100,who came up with i see you niggers niggering it up again cuz i say that in my head all the time ğŸ˜­ ğŸ˜­ ğŸ˜­
101,101,<user> right wing violence the only things bully respect is power and they will be overpowered
102,102,can white queer people just stop being like that
103,103,its so gay just want to blast this if u ever see hyunjin
104,104,<user> not newark that â€™ ghetto
105,105,at first they love you then they hate you because they can not be you or simply will never understand you
106,106,if we end up building the wall the immigrants will simply build trebuchets and battering rams and lay siege to our 1 4 th century fortress
107,107,<number> round my nec this that ching chong
108,108,<user> would have protected immigrants saved our children and inspired a generation but you didn â€™ t care
109,109,bjp militant wing rss the rss aima to kill all the minorities from india to make it a pure hindu state
110,110,i thought best buy was super empty and the faggots open at <number> ğŸ¤¦ ğŸ¿ â€ â™‚ï¸ ğŸ¤¦ ğŸ¿ â€ â™‚ï¸
111,111,<user> i hate you hold dis block
112,112,<user> young boy ain t nigger music it nigga music
113,113,<user> well the issue probably was that they went out of their lane beyond the porch monkey roll they serve for the islamophobia industry they probably went a bit too far with criticizing other faiths where it not open season yet
114,114,omg india plz do not bomb my college kmdc north nazimabad block n karachi sindh ğŸ˜­ ğŸ˜­ ğŸ˜­ ğŸ˜­
115,115,queer eye but instead of showing cishet mildly homophobic people how to do stuff they just throw bricks at them
116,116,i always do everything last minute i fucking hate that shit already never again
117,117,i don â€™ t want no â€œ man â€ who is tempted to hit up another woman when we don â€™ t see eye to eye niggas be so ghetto
118,118,so apparently a human heart is worth <number> all you hoes who broke mine pay up i will accept all payments through cash app or venmo
119,119,idk why these negros with children keep trying to talk to me and get mad when i say i â€™ m not interested bc they have kids lol
120,120,<user> like someone will say nigga to be cool bc it in song but they do not fuck w black ppl you piss them off and they are calling you a nigger it not the same
121,121,just watched <number> videos of gangs of niggers beating up white people and got super blackpilled
122,122,<user> <user> we are one both black and white i want real government not the fucking trump
123,123,<user> more good neighbours yes that working out well crime is not skyrocketing or anything have u seen what happens in eu with unchecked immigration <number> <number> swedish women will be raped used to be <number> <number>
124,124,<user> <user> but if you kill yourself you â€™ ll never know if the dick was good â˜¹ ï¸
125,125,<user> kids hate you same shit
126,126,<user> <user> this is incitement to violence right
127,127,<user> well most of us still do and now we hate yours too
128,128,<user> real nigga ong ğŸ˜ª
129,129,<user> <user> lets not forget the typhoid outbreak in california yes brought in by illegal immigrants
130,130,<user> <user> <user> <user> bhai they were <percent> when they got independence now they are <percent> systematically raped and converted we love indian muslims and kashmiris but not illegal immigrants sorry
131,131,nigga retard an faggot <number> words that will get people angry they are words get over it
132,132,spaniard girl squad is going âœˆ ï¸ islam on friday skamespaÃ±a
133,133,<user> chinaman satanist lee hsien loong and his satanic criminals just want to downplay every single issue as though it just a negligible tiny village matter
134,134,you shipyard workin niggas are irritating hope you all get fired bitch
135,135,really fucking hate having to be myself sometimes
136,136,<user> <user> translation if trump is impeached or lose in <number> we will take our guns and kill all the americans who disagree with trump
137,137,wgl czy hobby to making me fill like a retarded psychopath because it working
138,138,<user> omg i was joking honeybooboo i was over exaggerating because most of the names if not all are muslim names therefore islamophobic
139,139,<user> the amount of times i tweeted faggot uncensored i am still here shit kinda of wild ğŸ’€
140,140,<user> is that the rochdale and bradford sexist culture the asian pervert fiddlers who like to rape white schoolgirls
141,141,<user> avoid shaking hands with chinaman satanist lee hsien loong black magic suspicion
142,142,nawt yall niggers ignoring me
143,143,<user> would ya get a load of this nigger lmao
144,144,my pistol mean business that bitch should have a tie on
145,145,thoughts on day whatever of quarantine women in dog shows all look like amy klobuchar send tweet
146,146,afghan refugees can stay in sindh till <date> pm slected imran khan Ø§ÙØºØ§Ù†ÛŒÙˆÚº_Ú©Ùˆ_Ø¨Ú¾Ú¯Ø§Ø¤
147,147,<user> take ya nigger ass to bed
148,148,go ona bitch page and you see her her boo ight click the nigga page and crickets cold world ğŸ’€
149,149,<user> murderous muslims and jihadis raped and murdered kashmiri pandits you watched from the sidelines and encouraged the cleansing gandhi slept naked with young women and found ways to get hindus butchered deal with it
150,150,the biggest thing i am worried about is trump affiliation with the nra and his threat that there could be divide in this country over an ideological civil war the president is tearing this country apart presidents really should not do that i d hate to shoot a redneck
151,151,<user> <user> <user> white people have much longer life expectancy than blacks and black on black homicide is the leading cause of death for black people so i am not too concerned about whites dying off because blacks are killing off each other
152,152,<user> <user> <user> <user> when the majority of the world is not white and when your nation has a slim white majority it kinda hard to not bomb varying races i d you want to be pedantic america has bombed caucasians hispanics africans south americans and asians at some point very inclusive
153,153,<user> omg who can i know haha yes you are right and omg wow usa thats so cool not many asians are there right haha
154,154,<user> no we can fuck as many white bitches as we want just do not wife one
155,155,<user> bitch i hate your ass suddenly
156,156,<user> if it were justified in your home a cop breaks in and tries to rape someone and the pig is killed the victim would get the max for premeditated murder guarantee it
157,157,<user> <user> this is why i hate you ğŸ˜¡
158,158,<user> i hate you
159,159,<user> the house negro is always the first to defend the master is the white dic that good <user>
160,160,<user> its probably indonesian malaysian muslims who retweeted it
161,161,<user> <user> i assume leaders of shithole countries excluded ğŸ˜‚
162,162,the party elite hate immigrants this should be stopped
163,163,fetty wap my way still slaps ğŸ˜ ğŸ˜ ğŸ˜ if u disagree ya moms a hoe
164,164,<user> then we will now start giving same treatment to muslim that hindus hav in muslim countries they do not pelt stone on their army no riotsaur unn muslim conutries jaise uae ko bhi pta hai hamare paas to dimaag hai nhi bss crude oil hai inke paas hai
165,165,<user> <user> <user> the implication of digital blackface in your reply gif aside yeah you are totally correct the adl found white supremacists using it okay to be white as a hate slogan pretty sickening stuff even to me as a white guy
166,166,<user> <user> <user> <user> is ghana one of the shithole countries <user> was referring to a shithole country does a better job of providing for its citizens than the us does
167,167,<user> haa beti wale line mai thoda over cheesey ho gaya social media pe but uske kehne ka matlb tha he cares his wife like his daughter
168,168,can not find ne good content on youtube help u niggers
169,169,trailer trash white people are embarassing as hell
170,170,<user> <user> bahfroom niggas rise up
171,171,<user> <user> <user> <user> <user> <user> <user> <user> so the muslim ban was definitely not racist then how about shithole countries how about his attacks specifically on minority congressmen and women despite over <number> hundred he could have chosen from that support an impeachment inquiry
172,172,<user> <user> <user> we had them white ones tyvex or arco i forget <number> handle fucked 2 ft gash down them
173,173,a chimney sweep came to our house today and thankfully i did not have to talk to him because overwize ah probly wooda took the mickey ow im wiv mouy limey dick van dyke cheerio guvnah
174,174,be aware of false statements qadiyani are not muslims bewareoffalsemessiah
175,175,<user> remember whenever you have to hire someone it has to be approved by amerikan jews first otherwise they will ruin your life
176,176,dykes has joined og for the first time <user>
177,177,<user> hate you ğŸ˜­ ğŸ˜­ ğŸ˜­ i was just about to watch this rn
178,178,twitter black guys get mad when they see a white girl tweet nigger but they letting these white girls treat them like coons smarten up king
179,179,<user> it still does not negate the fact that it violence inciting speech her losing whatever job she had and havin trouble finding a new one cause who knowingly hiring openly racists was adequate punishment i guarantee you gone have sum to say if somebody call you a nigger
180,180,<user> i hate you
181,181,<user> the one who embarace islam others on street of usa were disgracing islam allahs_islam vs mullahs_islam
182,182,every year my skin gets darker and darker till i look just like a nigga
183,183,<user> <user> <user> you muslims killed raped hindus for over <number> centuries and now you shameless jihadi equalising that atrocities against us with a mere killing what godse ji did was necessary got it
184,184,<user> bro you was telling me that you want a white women to tie you up and call you nigger ğŸ¤•
185,185,can we round up all the magas and white supremacist and move them to the iraq iran border so they can fight them rag heads we can call it operation justified buzzsaw solve lots of problems for ğŸ‡º ğŸ‡¸
186,186,<user> from <number> hindus are <number> in pak every day hindus are being murder even <number> <number> years hindu girls being raped are you people happy of that is it mandatory for pakis to rape hindu women before converting them
187,187,bernie has his fucking issues i do not trust anything warren says beto is a fucking failure already why is he running kamala is a cop buttigieg is a rich white gay i do not trust a single one abolish the presidency
188,188,like i am not an autumn ğŸ‚ ğŸ¥° faggot but i do want to go apple picking to flex my knowledge of apples and to reconnect with the trees so someone hmu
189,189,messaged a jew on skype and he ignored me i am tired of these damn jews
190,190,why niggas worry bout me when i do not even checc on them faggots
191,191,<user> <user> <user> <user> white supremacists are those white skinned people who call themselves chosen superior they are ethnic ashkenazi jews regular unchosen white people are all native european gentiles
192,192,<user> <user> <user> <user> i no you are a white devil ğŸ‘¿
193,193,<user> i can not iuhdfiudsv white people are so dumb it unreal
194,194,when the new batch of niggas come out
195,195,chloe start a lesbian era i dare you
196,196,<user> jason shitlock ain t seen a nigger he do not like that agrees with him
197,197,acts <number> <number> what the devil created white people have done all over the world to this very hour the white devil armies of trump marching all over this world doing the bidding of satan in america and devil israel of satan murdering killing slaughtering the dark skinned
198,198,one million blunts and i am back to the curb young white trash came back for the serve
199,199,being ignored by a white man is basically him calling you a nigger
200,200,after some contemplation i â€™ ve decided that i fucking hate drinking alcohol
201,201,<number> million jews died in the holocaust thingswesaybutdontmean
202,202,i find it funny that people from shithole countries black people brown people those nasty the squad ladies nasty meghan the dreamers those migrants seperated black football players people of color are not the people that is on his ass it white people
203,203,imo capital punishment doesnt need to cost taxpayers anything i â€™ ll kill nazis for free hand me a gun
204,204,<user> <user> ay this nigger here is givin out free money
205,205,nothing says humble and loving like insulting someone character and insisting you are needed to fix them maybe start ousting the faggots and pedophiles from your church before you even begin to speak on what i need
206,206,muz listens to his her sheikhs worthless personal opinions about islam and assumes he she knows everything about islam you criticize islam also muz have you read the quran have you read it in arabic have you read it in ancient quraishi dialect
207,207,<user> <user> <user> you must understand dear media is under globalist and globalist wants civil war in the world that why they using islamists ppl in europe against white n india also
208,208,<user> <user> <user> you can gather a list of female poc queer brewery representatives you feel they should call on there are many fellow brewers and industry folk out there who advocate for equality in craft brewing let us make our voices louder together <number> <number>
209,209,not to be a depressed bitch but im definitely not feeling new year eve ğŸ˜ª ğŸ˜ª
210,210,nuke the unborn gay whales for jesus
211,211,<user> srj scared them with his towelhead
212,212,i fucking hate school so much
213,213,if you dump me because i cut my hair you are a bitch
214,214,pewdiepie has no spine and is at the very least nazi adjacent he definitely is part of the pipeline and that assessment still stands
215,215,some guy was walking around my house banging on the doors including the garage door yeah retard keep doing that im so gonna answer
216,216,<user> just fucking animals if women do not do as they say they will be raped and worse cut off his dick and let his ass bleed out they his ass suffer for the crime
217,217,<user> <user> <user> he dindu nuffin
218,218,<user> <user> <user> <user> <user> what else we can expect from jihadi terrorist country
219,219,they put the hills on hulu you niggers will never hear from me again
220,220,<user> ah can honestly say ave never had a deep fried mars bar they do not do them here prefer a nice deep fried faggot and chippies ğŸ¤ª ğŸ¤ª
221,221,straights gay people are not even bullied or in danger anymore can we stop with these gay rights in reality me breathes triggered cis white male you fucking faggot i will fuck you up you are going to burn in hell you fucking sissy fuck faggot i d murder you all if i could
222,222,<user> no piss off i hate you
223,223,<user> <user> <user> there were no tikis for christopher newsom and channon christian they were held down by blacks and their genitals cut off then raped and murdered not even charged with hate crime that is hypocrisy get educated
224,224,i remember when white ppl were scared of nigger music let us go back to those days
225,225,<user> <user> i hate you
226,226,i think i could dunk on a kangaroo if i really put my mind to it fr posterize that nigga
227,227,<user> do not interact with this tweet if u are gay ğŸ¤£ ğŸ¤£ ğŸ¤£
228,228,<user> <user> <user> <user> <user> do not worry the greatest thing dhs did was making white supremacy a terrorist threat once they make the list victor will suddenly remember he black and switch back
229,229,<user> <user> <user> jews assisted the nazis slaves assisted slave masters mexicans assist the white people treating them like animals
230,230,i raped the jews because it bombed dave
231,231,signs your walls are too many friends in college who live in the south cause i d pick up a drawl faster than you can say pickaninny
232,232,<user> this is the non stop c*oning <censored> that is displayed by black women these negresses give a horrible impression on the true b1 sisters who are for black empowerment she was a white sacrifice and she will probably get the lowest sentence tammy the mammy
233,233,some fella with a muzzy demanding the tuc call a general strike hahahahahhahahahahahahhahahaa you re about to get vaporised lads you won t be emptying the bins anyway threads
234,234,it really october and my car was <number> degrees when i got in it after work i fucking hate you boomers u ruined this planet and robbed us of our fall die off already fuck
235,235,you wanna tel that to the black elder woman who cursed me out and called me a raghead when i got on the bus as a hijabi
236,236,btw she also said that hitler dindu nuffin
237,237,<user> sikh community always helpful to others specially they help muslims in india in caa nrc protest allah bless
238,238,<user> unfortunately i think trump is right his impeachment may well fracture america the maga people will declare a hippiejewcommiemoslem conspiracy to destroy the red white and blue
239,239,<user> although i do not condone the use of that word we were sand n word so relatively arabs can say it i just do not see the necessity
